<?xml version="1.0" encoding="UTF-8"?>
<addon
  id="resource.language.th_th"
  version="9.0.6"
  name="Thai"
  provider-name="Team Kodi">
  <requires>
    <import addon="kodi.resource" version="1.0.0"/>
  </requires>
  <extension
    point="kodi.resource.language"
    locale="th_TH">
    <charsets>
      <gui unicodefont="true">CP874</gui>
      <subtitle>CP874</subtitle>
    </charsets>
    <sorttokens>
      <token>The</token>
    </sorttokens>
  </extension>
  <extension point="kodi.addon.metadata">
    <summary lang="en">Thai language pack</summary>
    <description lang="en">Thai version of all texts used in Kodi.</description>
    <platform>all</platform>
    <assets>
      <icon>icon.png</icon>
    </assets>
  </extension>
</addon>
