<?xml version="1.0" encoding="UTF-8"?>
<addon
  id="resource.language.hu_hu"
  version="9.0.16"
  name="Hungarian"
  provider-name="Team Kodi">
  <requires>
    <import addon="kodi.resource" version="1.0.0"/>
  </requires>
  <extension
    point="kodi.resource.language"
    locale="hu_HU">
    <charsets>
      <gui unicodefont="true">CP1250</gui>
      <subtitle>CP1250</subtitle>
    </charsets>
    <sorttokens>
      <token>The</token>
      <token>A</token>
      <token>Az</token>
    </sorttokens>
  </extension>
  <extension point="kodi.addon.metadata">
    <summary lang="en">Hungarian language pack</summary>
    <description lang="en">Hungarian version of all texts used in Kodi.</description>
    <platform>all</platform>
    <assets>
      <icon>icon.png</icon>
    </assets>
  </extension>
</addon>
